﻿<?xml version="1.0" encoding="utf-8" standalone="no" ?>
<modDesc descVersion="20">
    <author>mor2000</author>
    <version>1.0</version>
    <title>
        <en>UPK Store Type Single Test</en>
        <de>UPK Store Type Single Test</de>
    </title>
    <description>
        <en><![CDATA[UPK Store Type Single Test]]></en>
        <de><![CDATA[UPK Store Type Single Test]]></de>
	</description>
    <iconFilename>store.dds</iconFilename>
    <multiplayer supported="true"/>
	<extraSourceFiles>
		<sourceFile filename="register.lua" />
    </extraSourceFiles>
  	
    <storeItems>
		<storeItem>
            <en>
                <name>UPK Store Type Single Test</name>
				<specs>
<![CDATA[UPK Store Type Single Test]]>
				</specs>
                <description>
<![CDATA[UPK Store Type Single Test]]>
                </description>
            </en>
            <de>
                <name>UPK Store Type Single Test</name>
				<specs>
<![CDATA[UPK Store Type Single Test]]>
				</specs>
                <description>
<![CDATA[UPK Store Type Single Test]]>
                </description>
            </de>
            <rotation>0</rotation>
            <image active="store.dds" brand="brand-mor2000.dds" />
            <price>0</price>
            <dailyUpkeep>0</dailyUpkeep>
            <species>placeable</species>
			<category>placeables</category>
			<brand>mor2000</brand>
            <xmlFilename>Trigger.xml</xmlFilename>
			<functions>
				<function>
					<en><![CDATA[This test shows the non-standard storage type "single". The second processor is only able to produce sth when the first fill type is gone.]]></en>
					<de><![CDATA[Dieser Test zeigt die besondere Speicherart "single". Der zweite processor kann erst produzieren, wenn der erste Fülltyp leer ist.]]></de>
				</function>				
			</functions>
        </storeItem>
    </storeItems>

	<l10n>
	</l10n>
</modDesc>