﻿<?xml version="1.0" encoding="utf-8" standalone="no" ?>
<modDesc descVersion="20">
    <author>mor2000</author>
    <version>1.0</version>
    <title>
        <en>UPK Fill Trigger Test 4</en>
        <de>UPK Fill Trigger Test 4</de>
    </title>
    <description>
        <en><![CDATA[UPK Fill Trigger Test 4]]></en>
        <de><![CDATA[UPK Fill Trigger Test 4]]></de>
	</description>
    <iconFilename>store.dds</iconFilename>
    <multiplayer supported="true"/>
	<extraSourceFiles/>
  	
    <storeItems>
		<storeItem>
            <en>
                <name>UPK Fill Trigger Test 4</name>
				<specs>
<![CDATA[UPK Fill Trigger Test 4]]>
				</specs>
                <description>
<![CDATA[UPK Fill Trigger Test 4]]>
                </description>
            </en>
            <de>
                <name>UPK Fill Trigger Test 4</name>
				<specs>
<![CDATA[UPK Fill Trigger Test 4]]>
				</specs>
                <description>
<![CDATA[UPK Fill Trigger Test 4]]>
                </description>
            </de>
            <rotation>0</rotation>
            <image active="store.dds" brand="brand-mor2000.dds" />
            <price>0</price>
            <dailyUpkeep>0</dailyUpkeep>
            <species>placeable</species>
			<category>upk_examples</category>
			<brand>mor2000</brand>
            <xmlFilename>model.xml</xmlFilename>
			<functions>
				<function>
					<en><![CDATA[This test fills tippers and shovels with wheat or barley.]]></en>
					<de><![CDATA[Dieser Test befüllt Schaufeln und Anhänger mit Weizen oder Gerste.]]></de>
				</function>				
			</functions>
        </storeItem>
    </storeItems>
	
    <l10n>
		<text name="l10n_stationName">
			<en><![CDATA[Wheat and Barley]]></en>
			<de><![CDATA[Weizen und Gerste]]></de>
		</text>
	</l10n>

</modDesc>