﻿<?xml version="1.0" encoding="utf-8" standalone="no" ?>
<modDesc descVersion="20">
    <author>mor2000</author>
    <version>1.0</version>
    <title>
        <en>UPK Tip Trigger Test 2</en>
        <de>UPK Tip Trigger Test 2</de>
    </title>
    <description>
        <en><![CDATA[UPK Tip Trigger Test 2]]></en>
        <de><![CDATA[UPK Tip Trigger Test 2]]></de>
	</description>
    <iconFilename>store.dds</iconFilename>
    <multiplayer supported="false"/>
	<extraSourceFiles>
		<sourceFile filename="register.lua" />
    </extraSourceFiles>
  	
    <storeItems>
		<storeItem>
            <en>
                <name>UPK Tip Trigger Test 2</name>
				<specs>
<![CDATA[UPK Tip Trigger Test 2]]>
				</specs>
                <description>
<![CDATA[UPK Tip Trigger Test 2]]>
                </description>
            </en>
            <de>
                <name>UPK Tip Trigger Test 2</name>
				<specs>
<![CDATA[UPK Tip Trigger Test 2]]>
				</specs>
                <description>
<![CDATA[UPK Tip Trigger Test 2]]>
                </description>
            </de>
            <rotation>0</rotation>
            <image active="store.dds" brand="brand-mor2000.dds" />
            <price>0</price>
            <dailyUpkeep>0</dailyUpkeep>
            <species>placeable</species>
			<category>placeables</category>
			<brand>mor2000</brand>
            <xmlFilename>Trigger.xml</xmlFilename>
			<functions>
				<function>
					<en><![CDATA[This test allows to unload wheat with a tipper and get paid for it. It deletes the wheat with convertFillTypes instantly.]]></en>
					<de><![CDATA[Dieser Test ermöglicht es, Weizen per Kipper zu verkaufen und mit convertFillTypes sofort zu löschen.]]></de>
				</function>				
			</functions>
        </storeItem>
    </storeItems>

</modDesc>