﻿<?xml version="1.0" encoding="utf-8" standalone="no" ?>
<modDesc descVersion="20">
    <author>mor2000</author>
    <version>1.0</version>
    <title>
        <en>UPK Player Spawner Test</en>
        <de>UPK Player Spawner Test</de>
    </title>
    <description>
        <en><![CDATA[UPK Player Spawner Test]]></en>
        <de><![CDATA[UPK Player Spawner Test]]></de>
	</description>
    <iconFilename>store.dds</iconFilename>
    <multiplayer supported="true"/>
	<extraSourceFiles/>
  	
    <storeItems>
		<storeItem>
            <en>
                <name>UPK Player Spawner Test</name>
				<specs>
<![CDATA[UPK Player Spawner Test]]>
				</specs>
                <description>
<![CDATA[UPK Player Spawner Test]]>
                </description>
            </en>
            <de>
                <name>UPK Player Spawner Test</name>
				<specs>
<![CDATA[UPK Player Spawner Test]]>
				</specs>
                <description>
<![CDATA[UPK Player Spawner Test]]>
                </description>
            </de>
            <rotation>0</rotation>
            <image active="store.dds" brand="brand-mor2000.dds" />
            <price>0</price>
            <dailyUpkeep>0</dailyUpkeep>
            <species>placeable</species>
			<category>upk_examples</category>
			<brand>mor2000</brand>
            <xmlFilename>model.xml</xmlFilename>
			<functions>
				<function>
					<en><![CDATA[This mod enables teleportation of the player with "<" to these location.]]></en>
					<de><![CDATA[Mit diesem Mod kann man sich als Spieler mit "<" an diese Orte beamen lassen.]]></de>
				</function>				
			</functions>
        </storeItem>
    </storeItems>

	<l10n>
	</l10n>
</modDesc>