﻿<?xml version="1.0" encoding="utf-8" standalone="no" ?>
<modDesc descVersion="20">
    <author>mor2000</author>
    <version>1.0</version>
    <title>
        <en>UPK Dump Trigger Test</en>
        <de>UPK Dump Trigger Test</de>
    </title>
    <description>
        <en><![CDATA[UPK Dump Trigger Test]]></en>
        <de><![CDATA[UPK Dump Trigger Test]]></de>
	</description>
    <iconFilename>store.dds</iconFilename>
    <multiplayer supported="true"/>
	<extraSourceFiles/>
  	
    <storeItems>
		<storeItem>
            <en>
                <name>UPK Dump Trigger Test</name>
				<specs>
<![CDATA[UPK Dump Trigger Test]]>
				</specs>
                <description>
<![CDATA[UPK Dump Trigger Test]]>
                </description>
            </en>
            <de>
                <name>UPK Dump Trigger Test</name>
				<specs>
<![CDATA[UPK Dump Trigger Test]]>
				</specs>
                <description>
<![CDATA[UPK Dump Trigger Test]]>
                </description>
            </de>
            <rotation>0</rotation>
            <image active="store.dds" brand="brand-mor2000.dds" />
            <price>0</price>
            <dailyUpkeep>0</dailyUpkeep>
            <species>placeable</species>
			<category>upk_examples</category>
			<brand>mor2000</brand>
            <xmlFilename>model.xml</xmlFilename>
			<functions>
				<function>
					<en><![CDATA[This test allows shovels and combines to dump wheat.]]></en>
					<de><![CDATA[Dieser Test ermöglicht Schaufeln und Erntemaschinen das Abladen von Weizen.]]></de>
				</function>				
			</functions>
        </storeItem>
    </storeItems>

</modDesc>