﻿<?xml version="1.0" encoding="utf-8" standalone="no" ?>
<modDesc descVersion="20">
    <author>mor2000</author>
    <version>1.0</version>
    <title>
        <en>UPK Park Trigger Test</en>
        <de>UPK Park Trigger Test</de>
    </title>
    <description>
        <en><![CDATA[UPK Park Trigger Test]]></en>
        <de><![CDATA[UPK Park Trigger Test]]></de>
	</description>
    <iconFilename>store.dds</iconFilename>
    <multiplayer supported="true"/>
	<extraSourceFiles/>
  	
    <storeItems>
		<storeItem>
            <en>
                <name>UPK Park Trigger Test</name>
				<specs>
<![CDATA[UPK Park Trigger Test]]>
				</specs>
                <description>
<![CDATA[UPK Park Trigger Test]]>
                </description>
            </en>
            <de>
                <name>UPK Park Trigger Test</name>
				<specs>
<![CDATA[UPK Park Trigger Test]]>
				</specs>
                <description>
<![CDATA[UPK Park Trigger Test]]>
                </description>
            </de>
            <rotation>0</rotation>
            <image active="store.dds" brand="brand-mor2000.dds" />
            <price>0</price>
            <dailyUpkeep>0</dailyUpkeep>
            <species>placeable</species>
			<category>upk_examples</category>
			<brand>mor2000</brand>
            <xmlFilename>model.xml</xmlFilename>
			<functions>
				<function>
					<en><![CDATA[A vehicle inside this trigger is not selectable via tab.]]></en>
					<de><![CDATA[Ein Fahrzeug ist in diesem Trigger nicht mehr mit Tabulator auswählbar.]]></de>
				</function>				
			</functions>
        </storeItem>
    </storeItems>

	<l10n>
	</l10n>
</modDesc>