﻿<?xml version="1.0" encoding="utf-8" standalone="no" ?>
<modDesc descVersion="20">
    <author>mor2000</author>
    <version>1.0</version>
    <title>
        <en>UPK Activator Trigger Test</en>
        <de>UPK Activator Trigger Test</de>
    </title>
    <description>
        <en><![CDATA[UPK Activator Trigger Test]]></en>
        <de><![CDATA[UPK Activator Trigger Test]]></de>
	</description>
    <iconFilename>store.dds</iconFilename>
    <multiplayer supported="true"/>
	<extraSourceFiles>
		<sourceFile filename="register.lua" />
    </extraSourceFiles>
  	
    <storeItems>
		<storeItem>
            <en>
                <name>UPK Activator Trigger Test</name>
				<specs>
<![CDATA[UPK Activator Trigger Test]]>
				</specs>
                <description>
<![CDATA[UPK Activator Trigger Test]]>
                </description>
            </en>
            <de>
                <name>UPK Activator Trigger Test</name>
				<specs>
<![CDATA[UPK Activator Trigger Test]]>
				</specs>
                <description>
<![CDATA[UPK Activator Trigger Test]]>
                </description>
            </de>
            <rotation>0</rotation>
            <image active="store.dds" brand="brand-mor2000.dds" />
            <price>0</price>
            <dailyUpkeep>0</dailyUpkeep>
            <species>placeable</species>
			<category>upk_examples</category>
			<brand>mor2000</brand>
            <xmlFilename>Trigger.xml</xmlFilename>
			<functions>
				<function>
					<en><![CDATA[This test enables a processor producing water while a motorized vehicle is in the trigger.]]></en>
					<de><![CDATA[Dieser Test aktiviert einen processor, der Wasser herstellt, wenn ein Traktor in dem Trigger steht.]]></de>
				</function>				
			</functions>
        </storeItem>
    </storeItems>

	<l10n>
		<text name="activateTriggerText1"> <en>switch on</en> <de><![CDATA[Anschalten]]></de> </text>
		<text name="activateTriggerText2"> <en>switch off</en> <de><![CDATA[Ausschalten]]></de> </text>
	</l10n>
</modDesc>