﻿<?xml version="1.0" encoding="utf-8" standalone="no" ?>
<modDesc descVersion="20">
    <author>mor2000</author>
    <version>1.0</version>
    <title>
        <en>UPK Fill Trigger Test</en>
        <de>UPK Fill Trigger Test</de>
    </title>
    <description>
        <en><![CDATA[UPK Fill Trigger Test]]></en>
        <de><![CDATA[UPK Fill Trigger Test]]></de>
	</description>
    <iconFilename>store.dds</iconFilename>
    <multiplayer supported="false"/>
	<extraSourceFiles>
		<sourceFile filename="register.lua" />
    </extraSourceFiles>
  	
    <storeItems>
		<storeItem>
            <en>
                <name>UPK Fill Trigger Test</name>
				<specs>
<![CDATA[UPK Fill Trigger Test]]>
				</specs>
                <description>
<![CDATA[UPK Fill Trigger Test]]>
                </description>
            </en>
            <de>
                <name>UPK Fill Trigger Test</name>
				<specs>
<![CDATA[UPK Fill Trigger Test]]>
				</specs>
                <description>
<![CDATA[UPK Fill Trigger Test]]>
                </description>
            </de>
            <rotation>0</rotation>
            <image active="store.dds" brand="brand-mor2000.dds" />
            <price>0</price>
            <dailyUpkeep>0</dailyUpkeep>
            <species>placeable</species>
			<category>placeables</category>
			<brand>mor2000</brand>
            <xmlFilename>Trigger.xml</xmlFilename>
			<functions>
				<function>
					<en><![CDATA[UPK Fill Trigger Test]]></en>
					<de><![CDATA[UPK Fill Trigger Test]]></de>
				</function>				
			</functions>
        </storeItem>
    </storeItems>

	<l10n>
		<text name="notAcceptedHere"> <en>is not accepted here (test)</en> <de><![CDATA[wird hier nicht angenommen (Test)]]></de> </text>
		<text name="capacityReached"> <en>the maximum filllevel of %s is reached</en> <de><![CDATA[Die maximale Füllmenge von %s ist erreicht (Test)]]></de> </text>
	</l10n>

</modDesc>