﻿<?xml version="1.0" encoding="utf-8" standalone="no" ?>
<modDesc descVersion="20">
    <author>mor2000</author>
    <version>1.0</version>
    <title>
        <en>UPK Sound Test</en>
        <de>UPK Sound Test</de>
    </title>
    <description>
        <en><![CDATA[UPK Sound Test]]></en>
        <de><![CDATA[UPK Sound Test]]></de>
	</description>
    <iconFilename>store.dds</iconFilename>
    <multiplayer supported="true"/>
	<extraSourceFiles/>
  	
    <storeItems>
		<storeItem>
            <en>
                <name>UPK Sound Test</name>
				<specs>
<![CDATA[UPK Sound Test]]>
				</specs>
                <description>
<![CDATA[UPK Sound Test]]>
                </description>
            </en>
            <de>
                <name>UPK Sound Test</name>
				<specs>
<![CDATA[UPK Sound Test]]>
				</specs>
                <description>
<![CDATA[UPK Sound Test]]>
                </description>
            </de>
            <rotation>0</rotation>
            <image active="store.dds" brand="brand-mor2000.dds" />
            <price>0</price>
            <dailyUpkeep>0</dailyUpkeep>
            <species>placeable</species>
			<category>upk_examples</category>
			<brand>mor2000</brand>
            <xmlFilename>model.xml</xmlFilename>
			<functions>
				<function>
					<en><![CDATA[With this test you can play and stop an audio source.]]></en>
					<de><![CDATA[Mit diesem Test lässt sich ein Geräusch an- und ausschalten.]]></de>
				</function>				
			</functions>
        </storeItem>
    </storeItems>
	
	<l10n>
		<text name="activateTriggerText1"> <en>switch on</en> <de><![CDATA[Anschalten]]></de> </text>
		<text name="activateTriggerText2"> <en>switch off</en> <de><![CDATA[Ausschalten]]></de> </text>
	</l10n>

</modDesc>