﻿<?xml version="1.0" encoding="utf-8" standalone="no" ?>
<modDesc descVersion="20">
    <author>mor2000</author>
    <version>1.0</version>
    <title>
        <en>UPK Empty Trigger Test</en>
        <de>UPK Empty Trigger Test</de>
    </title>
    <description>
        <en><![CDATA[UPK Empty Trigger Test]]></en>
        <de><![CDATA[UPK Empty Trigger Test]]></de>
	</description>
    <iconFilename>store.dds</iconFilename>
    <multiplayer supported="true"/>
	<extraSourceFiles>
		<sourceFile filename="register.lua" />
    </extraSourceFiles>
  	
    <storeItems>
		<storeItem>
            <en>
                <name>UPK Empty Trigger Test</name>
				<specs>
<![CDATA[UPK Empty Trigger Test]]>
				</specs>
                <description>
<![CDATA[UPK Empty Trigger Test]]>
                </description>
            </en>
            <de>
                <name>UPK Empty Trigger Test</name>
				<specs>
<![CDATA[UPK Empty Trigger Test]]>
				</specs>
                <description>
<![CDATA[UPK Empty Trigger Test]]>
                </description>
            </de>
            <rotation>0</rotation>
            <image active="store.dds" brand="brand-mor2000.dds" />
            <price>0</price>
            <dailyUpkeep>0</dailyUpkeep>
            <species>placeable</species>
			<category>placeables</category>
			<brand>mor2000</brand>
            <xmlFilename>Trigger.xml</xmlFilename>
			<functions>
				<function>
					<en><![CDATA[This test takes fuel out of vehicles, converts it and saves it as "oil".]]></en>
					<de><![CDATA[Dieser Test entleert Treibstoff aus Fahrzeugen, wandelt es in "Öl" um und speichert es.]]></de>
				</function>				
			</functions>
        </storeItem>
    </storeItems>
	
	<l10n>
		<text name="oil"> <en>oil</en> <de><![CDATA[Öl]]></de> </text>
	</l10n>

</modDesc>