﻿<?xml version="1.0" encoding="utf-8" standalone="no" ?>
<modDesc descVersion="20">
    <author>mor2000</author>
    <version>1.0</version>
    <title>
        <en>UPK Processor Test 2</en>
        <de>UPK Processor Test 2</de>
    </title>
    <description>
        <en><![CDATA[UPK Processor Test 2]]></en>
        <de><![CDATA[UPK Processor Test 2]]></de>
	</description>
    <iconFilename>store.dds</iconFilename>
    <multiplayer supported="true"/>
	<extraSourceFiles>
		<sourceFile filename="register.lua" />
    </extraSourceFiles>
  	
    <storeItems>
		<storeItem>
            <en>
                <name>UPK Processor Test 2</name>
				<specs>
<![CDATA[UPK Processor Test 2]]>
				</specs>
                <description>
<![CDATA[UPK Processor Test 2]]>
                </description>
            </en>
            <de>
                <name>UPK Processor Test 2</name>
				<specs>
<![CDATA[UPK Processor Test 2]]>
				</specs>
                <description>
<![CDATA[UPK Processor Test 2]]>
                </description>
            </de>
            <rotation>0</rotation>
            <image active="store.dds" brand="brand-mor2000.dds" />
            <price>0</price>
            <dailyUpkeep>0</dailyUpkeep>
            <species>placeable</species>
			<category>placeables</category>
			<brand>mor2000</brand>
            <xmlFilename>Trigger.xml</xmlFilename>
			<functions>
				<function>
					<en><![CDATA[This test shows 2 processors. One is counting up while the other shuts him down after he reached a certain level.]]></en>
					<de><![CDATA[Dieses Test zeigt 2 processor. Der eine zählt hoch, während der andere ihn abschaltet, sobald er einem gewissen Stand erreicht hat.]]></de>
				</function>				
			</functions>
        </storeItem>
    </storeItems>

	<l10n>
		<text name="count"> <en>counter</en> <de><![CDATA[Zähler]]></de> </text>
	</l10n>
</modDesc>