﻿<?xml version="1.0" encoding="utf-8" standalone="no" ?>
<modDesc descVersion="20">
    <author>mor2000</author>
    <version>1.0</version>
    <title>
        <en>UPK Processor Test 3</en>
        <de>UPK Processor Test 3</de>
    </title>
    <description>
        <en><![CDATA[UPK Processor Test 3]]></en>
        <de><![CDATA[UPK Processor Test 3]]></de>
	</description>
    <iconFilename>store.dds</iconFilename>
    <multiplayer supported="true"/>
	<extraSourceFiles/>
  	
    <storeItems>
		<storeItem>
            <en>
                <name>UPK Processor Test 3</name>
				<specs>
<![CDATA[UPK Processor Test 3]]>
				</specs>
                <description>
<![CDATA[UPK Processor Test 3]]>
                </description>
            </en>
            <de>
                <name>UPK Processor Test 3</name>
				<specs>
<![CDATA[UPK Processor Test 3]]>
				</specs>
                <description>
<![CDATA[UPK Processor Test 3]]>
                </description>
            </de>
            <rotation>0</rotation>
            <image active="store.dds" brand="brand-mor2000.dds" />
            <price>0</price>
            <dailyUpkeep>0</dailyUpkeep>
            <species>placeable</species>
			<category>upk_examples</category>
			<brand>mor2000</brand>
            <xmlFilename>model.xml</xmlFilename>
			<functions>
				<function>
					<en><![CDATA[This test shows how one processor produces money (10€ per minute), one consumes money (30€ every 3 minutes) and a displaytrigger showing the special fill types "sun", "rain" and "temperature"]]></en>
					<de><![CDATA[Dieser Test zeigt einen processor Geld ("money") produzieren (10€ pro minute), einen anderen Geld verbrauchen (30€ jede dritte Minute) und einen displaytrigger für die besonderen Fülltypen Sonne, Regen und Temperatur ("sun", "rain" und "temperature")]]></de>
				</function>				
			</functions>
        </storeItem>
    </storeItems>

</modDesc>