﻿<?xml version="1.0" encoding="utf-8" standalone="no" ?>
<modDesc descVersion="20">
    <author>mor2000</author>
    <version>1.0</version>
    <title>
        <en>UPK Liquid Manure Test</en>
        <de>UPK Liquid Manure Test</de>
    </title>
    <description>
        <en><![CDATA[UPK Liquid Manure Test]]></en>
        <de><![CDATA[UPK Liquid Manure Test]]></de>
	</description>
    <iconFilename>store.dds</iconFilename>
    <multiplayer supported="true"/>
	<extraSourceFiles>
		<sourceFile filename="register.lua" />
    </extraSourceFiles>
  	
    <storeItems>
		<storeItem>
            <en>
                <name>UPK Liquid Manure Test</name>
				<specs>
<![CDATA[UPK Liquid Manure Test]]>
				</specs>
                <description>
<![CDATA[UPK Liquid Manure Test]]>
                </description>
            </en>
            <de>
                <name>UPK Liquid Manure Test</name>
				<specs>
<![CDATA[UPK Liquid Manure Test]]>
				</specs>
                <description>
<![CDATA[UPK Liquid Manure Test]]>
                </description>
            </de>
            <rotation>0</rotation>
            <image active="store.dds" brand="brand-mor2000.dds" />
            <price>0</price>
            <dailyUpkeep>0</dailyUpkeep>
            <species>placeable</species>
			<category>placeables</category>
			<brand>mor2000</brand>
            <xmlFilename>Trigger.xml</xmlFilename>
			<functions>
				<function>
					<en><![CDATA[This test fills and empty liquid manure trailers with liquid manure.]]></en>
					<de><![CDATA[Dieser Test befüllt und entlädt Güllefässer mit Gülle.]]></de>
				</function>				
			</functions>
        </storeItem>
    </storeItems>

</modDesc>