﻿<?xml version="1.0" encoding="utf-8" standalone="no" ?>
<modDesc descVersion="20">
    <author>mor2000</author>
    <version>1.0</version>
    <title>
        <en>UPK Activator Trigger Test 2</en>
        <de>UPK Activator Trigger Test 2</de>
    </title>
    <description>
        <en><![CDATA[UPK Activator Trigger Test 2]]></en>
        <de><![CDATA[UPK Activator Trigger Test 2]]></de>
	</description>
    <iconFilename>store.dds</iconFilename>
    <multiplayer supported="true"/>
	<extraSourceFiles/>
  	
    <storeItems>
		<storeItem>
            <en>
                <name>UPK Activator Trigger Test 2</name>
				<specs>
<![CDATA[UPK Activator Trigger Test 2]]>
				</specs>
                <description>
<![CDATA[UPK Activator Trigger Test 2]]>
                </description>
            </en>
            <de>
                <name>UPK Activator Trigger Test 2</name>
				<specs>
<![CDATA[UPK Activator Trigger Test 2]]>
				</specs>
                <description>
<![CDATA[UPK Activator Trigger Test 2]]>
                </description>
            </de>
            <rotation>0</rotation>
            <image active="store.dds" brand="brand-mor2000.dds" />
            <price>0</price>
            <dailyUpkeep>0</dailyUpkeep>
            <species>placeable</species>
			<category>upk_examples</category>
			<brand>mor2000</brand>
            <xmlFilename>model.xml</xmlFilename>
			<functions>
				<function>
					<en><![CDATA[The activatortrigger used as a button to buy pigs one by one on key press.]]></en>
					<de><![CDATA[Der activatortrigger als Taster konfiguriert, um Schweine zu kaufen.]]></de>
				</function>				
			</functions>
        </storeItem>
    </storeItems>

	<l10n>
		<text name="headingline1"> <en>buy pigs here</en> <de><![CDATA[Schweinekauf]]></de> </text>
		<text name="headingline2"> <en><![CDATA[1 pig @ 250€]]></en> <de><![CDATA[1 Schwein für 250€]]></de> </text>
		<text name="activateTriggerText1"> <en>buy 1 pig</en> <de><![CDATA[1 Schwein kaufen]]></de> </text>
	</l10n>
</modDesc>