﻿<?xml version="1.0" encoding="utf-8" standalone="no" ?>
<modDesc descVersion="20">
    <author>mor2000</author>
    <version>1.0</version>
    <title>
        <en>UPK Map Hotspot Test</en>
        <de>UPK Map Hotspot Test</de>
    </title>
    <description>
        <en><![CDATA[UPK Map Hotspot Test]]></en>
        <de><![CDATA[UPK Map Hotspot Test]]></de>
	</description>
    <iconFilename>store.dds</iconFilename>
    <multiplayer supported="true"/>
	<extraSourceFiles/>
  	
    <storeItems>
		<storeItem>
            <en>
                <name>UPK Map Hotspot Test</name>
				<specs>
<![CDATA[UPK Map Hotspot Test]]>
				</specs>
                <description>
<![CDATA[UPK Map Hotspot Test]]>
                </description>
            </en>
            <de>
                <name>UPK Map Hotspot Test</name>
				<specs>
<![CDATA[UPK Map Hotspot Test]]>
				</specs>
                <description>
<![CDATA[UPK Map Hotspot Test]]>
                </description>
            </de>
            <rotation>0</rotation>
            <image active="store.dds" brand="brand-mor2000.dds" />
            <price>0</price>
            <dailyUpkeep>0</dailyUpkeep>
            <species>placeable</species>
			<category>upk_examples</category>
			<brand>mor2000</brand>
            <xmlFilename>model.xml</xmlFilename>
			<functions>
				<function>
					<en><![CDATA[This test shows how to use standard and customized hotspot icons.]]></en>
					<de><![CDATA[Dieser Test zeigt die Anwendung von standardmäßigen und eigenen Hotspot-Icons.]]></de>
				</function>				
			</functions>
        </storeItem>
    </storeItems>

	<l10n>
		<text name="activateTriggerText1"> <en>view hotspot</en> <de><![CDATA[Hotspot einblenden]]></de> </text>
		<text name="activateTriggerText2"> <en>hide hotspot</en> <de><![CDATA[Hotspot ausblenden]]></de> </text>
	</l10n>
</modDesc>